path,metric,value
classical.audit.family_only_classifier,accuracy,1.0
classical.audit.family_only_classifier,balanced_accuracy,1.0
classical.audit.family_only_classifier,precision,1.0
classical.audit.family_only_classifier,recall,1.0
classical.audit.family_only_classifier,f1,1.0
classical.random_split_36d.linear_svm,accuracy,0.863
classical.random_split_36d.linear_svm,balanced_accuracy,0.665
classical.random_split_36d.linear_svm,precision,0.8568353067814855
classical.random_split_36d.linear_svm,recall,0.995
classical.random_split_36d.linear_svm,f1,0.9207634470792365
classical.random_split_36d.rbf_svm,accuracy,1.0
classical.random_split_36d.rbf_svm,balanced_accuracy,1.0
classical.random_split_36d.rbf_svm,precision,1.0
classical.random_split_36d.rbf_svm,recall,1.0
classical.random_split_36d.rbf_svm,f1,1.0
classical.random_split_36d.random_forest,accuracy,1.0
classical.random_split_36d.random_forest,balanced_accuracy,1.0
classical.random_split_36d.random_forest,precision,1.0
classical.random_split_36d.random_forest,recall,1.0
classical.random_split_36d.random_forest,f1,1.0
classical.random_split_36d.gradient_boosting,accuracy,1.0
classical.random_split_36d.gradient_boosting,balanced_accuracy,1.0
classical.random_split_36d.gradient_boosting,precision,1.0
classical.random_split_36d.gradient_boosting,recall,1.0
classical.random_split_36d.gradient_boosting,f1,1.0
classical.family_held_out_36d.cluster.linear_svm,accuracy,1.0
classical.family_held_out_36d.cluster.linear_svm,precision,1.0
classical.family_held_out_36d.cluster.linear_svm,recall,1.0
classical.family_held_out_36d.cluster.linear_svm,f1,1.0
classical.family_held_out_36d.cluster.rbf_svm,accuracy,0.806
classical.family_held_out_36d.cluster.rbf_svm,precision,1.0
classical.family_held_out_36d.cluster.rbf_svm,recall,0.806
classical.family_held_out_36d.cluster.rbf_svm,f1,0.8925802879291251
classical.family_held_out_36d.cluster.random_forest,accuracy,1.0
classical.family_held_out_36d.cluster.random_forest,precision,1.0
classical.family_held_out_36d.cluster.random_forest,recall,1.0
classical.family_held_out_36d.cluster.random_forest,f1,1.0
classical.family_held_out_36d.cluster.gradient_boosting,accuracy,1.0
classical.family_held_out_36d.cluster.gradient_boosting,precision,1.0
classical.family_held_out_36d.cluster.gradient_boosting,recall,1.0
classical.family_held_out_36d.cluster.gradient_boosting,f1,1.0
classical.family_held_out_36d.ghz.linear_svm,accuracy,0.0
classical.family_held_out_36d.ghz.linear_svm,precision,0.0
classical.family_held_out_36d.ghz.linear_svm,recall,0.0
classical.family_held_out_36d.ghz.linear_svm,f1,0.0
classical.family_held_out_36d.ghz.rbf_svm,accuracy,0.666
classical.family_held_out_36d.ghz.rbf_svm,precision,1.0
classical.family_held_out_36d.ghz.rbf_svm,recall,0.666
classical.family_held_out_36d.ghz.rbf_svm,f1,0.7995198079231692
classical.family_held_out_36d.ghz.random_forest,accuracy,1.0
classical.family_held_out_36d.ghz.random_forest,precision,1.0
classical.family_held_out_36d.ghz.random_forest,recall,1.0
classical.family_held_out_36d.ghz.random_forest,f1,1.0
classical.family_held_out_36d.ghz.gradient_boosting,accuracy,1.0
classical.family_held_out_36d.ghz.gradient_boosting,precision,1.0
classical.family_held_out_36d.ghz.gradient_boosting,recall,1.0
classical.family_held_out_36d.ghz.gradient_boosting,f1,1.0
classical.family_held_out_36d.random_mixed.linear_svm,accuracy,0.004
classical.family_held_out_36d.random_mixed.linear_svm,precision,1.0
classical.family_held_out_36d.random_mixed.linear_svm,recall,0.004
classical.family_held_out_36d.random_mixed.linear_svm,f1,0.00796812749003984
classical.family_held_out_36d.random_mixed.rbf_svm,accuracy,0.982
classical.family_held_out_36d.random_mixed.rbf_svm,precision,1.0
classical.family_held_out_36d.random_mixed.rbf_svm,recall,0.982
classical.family_held_out_36d.random_mixed.rbf_svm,f1,0.9909182643794148
classical.family_held_out_36d.random_mixed.random_forest,accuracy,0.0
classical.family_held_out_36d.random_mixed.random_forest,precision,0.0
classical.family_held_out_36d.random_mixed.random_forest,recall,0.0
classical.family_held_out_36d.random_mixed.random_forest,f1,0.0
classical.family_held_out_36d.random_mixed.gradient_boosting,accuracy,0.0
classical.family_held_out_36d.random_mixed.gradient_boosting,precision,0.0
classical.family_held_out_36d.random_mixed.gradient_boosting,recall,0.0
classical.family_held_out_36d.random_mixed.gradient_boosting,f1,0.0
classical.family_held_out_36d.w.linear_svm,accuracy,1.0
classical.family_held_out_36d.w.linear_svm,precision,1.0
classical.family_held_out_36d.w.linear_svm,recall,1.0
classical.family_held_out_36d.w.linear_svm,f1,1.0
classical.family_held_out_36d.w.rbf_svm,accuracy,0.681
classical.family_held_out_36d.w.rbf_svm,precision,1.0
classical.family_held_out_36d.w.rbf_svm,recall,0.681
classical.family_held_out_36d.w.rbf_svm,f1,0.810232004759072
classical.family_held_out_36d.w.random_forest,accuracy,0.769
classical.family_held_out_36d.w.random_forest,precision,1.0
classical.family_held_out_36d.w.random_forest,recall,0.769
classical.family_held_out_36d.w.random_forest,f1,0.8694177501413228
classical.family_held_out_36d.w.gradient_boosting,accuracy,1.0
classical.family_held_out_36d.w.gradient_boosting,precision,1.0
classical.family_held_out_36d.w.gradient_boosting,recall,1.0
classical.family_held_out_36d.w.gradient_boosting,f1,1.0
classical.feature_ablation_cv.linear_svm,36d_mean,0.8532
classical.feature_ablation_cv.linear_svm,63d_mean,0.842
classical.feature_ablation_cv.linear_svm,mean_gap_63d_minus_36d,-0.011199999999999988
classical.feature_ablation_cv.linear_svm,paired_p,0.14791187226268018
classical.feature_ablation_cv.rbf_svm,36d_mean,1.0
classical.feature_ablation_cv.rbf_svm,63d_mean,1.0
classical.feature_ablation_cv.rbf_svm,mean_gap_63d_minus_36d,0.0
classical.feature_ablation_cv.random_forest,36d_mean,1.0
classical.feature_ablation_cv.random_forest,63d_mean,0.9996
classical.feature_ablation_cv.random_forest,mean_gap_63d_minus_36d,-0.00039999999999995595
classical.feature_ablation_cv.random_forest,paired_p,0.17780780835622123
classical.feature_ablation_cv.gradient_boosting,36d_mean,1.0
classical.feature_ablation_cv.gradient_boosting,63d_mean,1.0
classical.feature_ablation_cv.gradient_boosting,mean_gap_63d_minus_36d,0.0
classical.linear_feature_controls.local_9d,accuracy,0.8
classical.linear_feature_controls.local_9d,balanced_accuracy,0.5
classical.linear_feature_controls.local_9d,precision,0.8
classical.linear_feature_controls.local_9d,recall,1.0
classical.linear_feature_controls.local_9d,f1,0.8888888888888888
classical.linear_feature_controls.restricted_36d,accuracy,0.863
classical.linear_feature_controls.restricted_36d,balanced_accuracy,0.665
classical.linear_feature_controls.restricted_36d,precision,0.8568353067814855
classical.linear_feature_controls.restricted_36d,recall,0.995
classical.linear_feature_controls.restricted_36d,f1,0.9207634470792365
classical.linear_feature_controls.connected_27d,accuracy,0.838
classical.linear_feature_controls.connected_27d,balanced_accuracy,0.8987499999999999
classical.linear_feature_controls.connected_27d,precision,1.0
classical.linear_feature_controls.connected_27d,recall,0.7975
classical.linear_feature_controls.connected_27d,f1,0.8873435326842837
classical.linear_feature_controls.restricted_plus_connected_63d,accuracy,0.854
classical.linear_feature_controls.restricted_plus_connected_63d,balanced_accuracy,0.635
classical.linear_feature_controls.restricted_plus_connected_63d,precision,0.8456659619450317
classical.linear_feature_controls.restricted_plus_connected_63d,recall,1.0
classical.linear_feature_controls.restricted_plus_connected_63d,f1,0.9163802978235968
classical.linear_feature_controls.full_63d,accuracy,0.836
classical.linear_feature_controls.full_63d,balanced_accuracy,0.655625
classical.linear_feature_controls.full_63d,precision,0.8557046979865772
classical.linear_feature_controls.full_63d,recall,0.95625
classical.linear_feature_controls.full_63d,f1,0.9031877213695395
classical.boundary_generalization.models.linear_svm,accuracy,0.474
classical.boundary_generalization.models.linear_svm,balanced_accuracy,0.5
classical.boundary_generalization.models.linear_svm,precision,0.474
classical.boundary_generalization.models.linear_svm,recall,1.0
classical.boundary_generalization.models.linear_svm,f1,0.6431478968792401
classical.boundary_generalization.models.rbf_svm,accuracy,0.474
classical.boundary_generalization.models.rbf_svm,balanced_accuracy,0.5
classical.boundary_generalization.models.rbf_svm,precision,0.474
classical.boundary_generalization.models.rbf_svm,recall,1.0
classical.boundary_generalization.models.rbf_svm,f1,0.6431478968792401
classical.boundary_generalization.models.random_forest,accuracy,0.474
classical.boundary_generalization.models.random_forest,balanced_accuracy,0.5
classical.boundary_generalization.models.random_forest,precision,0.474
classical.boundary_generalization.models.random_forest,recall,1.0
classical.boundary_generalization.models.random_forest,f1,0.6431478968792401
classical.boundary_generalization.models.gradient_boosting,accuracy,0.474
classical.boundary_generalization.models.gradient_boosting,balanced_accuracy,0.5
classical.boundary_generalization.models.gradient_boosting,precision,0.474
classical.boundary_generalization.models.gradient_boosting,recall,1.0
classical.boundary_generalization.models.gradient_boosting,f1,0.6431478968792401
qml.runs.42.models.mlp_raw,accuracy,1.0
qml.runs.42.models.mlp_raw,balanced_accuracy,1.0
qml.runs.42.models.mlp_raw,precision,1.0
qml.runs.42.models.mlp_raw,recall,1.0
qml.runs.42.models.mlp_raw,f1,1.0
qml.runs.42.models.mlp_l2_normalized,accuracy,0.845
qml.runs.42.models.mlp_l2_normalized,balanced_accuracy,0.8187500000000001
qml.runs.42.models.mlp_l2_normalized,precision,0.9387755102040817
qml.runs.42.models.mlp_l2_normalized,recall,0.8625
qml.runs.42.models.mlp_l2_normalized,f1,0.8990228013029316
qml.runs.42.models.mlp_l2_plus_norm,accuracy,1.0
qml.runs.42.models.mlp_l2_plus_norm,balanced_accuracy,1.0
qml.runs.42.models.mlp_l2_plus_norm,precision,1.0
qml.runs.42.models.mlp_l2_plus_norm,recall,1.0
qml.runs.42.models.mlp_l2_plus_norm,f1,1.0
qml.runs.42.models.amplitude_qml,accuracy,0.84
qml.runs.42.models.amplitude_qml,balanced_accuracy,0.796875
qml.runs.42.models.amplitude_qml,precision,0.9266666666666666
qml.runs.42.models.amplitude_qml,recall,0.86875
qml.runs.42.models.amplitude_qml,f1,0.896774193548387
qml.runs.42.models.direct_state_qml,accuracy,0.825
qml.runs.42.models.direct_state_qml,balanced_accuracy,0.740625
qml.runs.42.models.direct_state_qml,precision,0.8980891719745223
qml.runs.42.models.direct_state_qml,recall,0.88125
qml.runs.42.models.direct_state_qml,f1,0.889589905362776
qml.runs.123.models.mlp_raw,accuracy,1.0
qml.runs.123.models.mlp_raw,balanced_accuracy,1.0
qml.runs.123.models.mlp_raw,precision,1.0
qml.runs.123.models.mlp_raw,recall,1.0
qml.runs.123.models.mlp_raw,f1,1.0
qml.runs.123.models.mlp_l2_normalized,accuracy,0.825
qml.runs.123.models.mlp_l2_normalized,balanced_accuracy,0.84375
qml.runs.123.models.mlp_l2_normalized,precision,0.9629629629629629
qml.runs.123.models.mlp_l2_normalized,recall,0.8125
qml.runs.123.models.mlp_l2_normalized,f1,0.8813559322033898
qml.runs.123.models.mlp_l2_plus_norm,accuracy,1.0
qml.runs.123.models.mlp_l2_plus_norm,balanced_accuracy,1.0
qml.runs.123.models.mlp_l2_plus_norm,precision,1.0
qml.runs.123.models.mlp_l2_plus_norm,recall,1.0
qml.runs.123.models.mlp_l2_plus_norm,f1,1.0
qml.runs.123.models.amplitude_qml,accuracy,0.8
qml.runs.123.models.amplitude_qml,balanced_accuracy,0.725
qml.runs.123.models.amplitude_qml,precision,0.8947368421052632
qml.runs.123.models.amplitude_qml,recall,0.85
qml.runs.123.models.amplitude_qml,f1,0.8717948717948718
qml.runs.123.models.direct_state_qml,accuracy,0.805
qml.runs.123.models.direct_state_qml,balanced_accuracy,0.7093750000000001
qml.runs.123.models.direct_state_qml,precision,0.8853503184713376
qml.runs.123.models.direct_state_qml,recall,0.86875
qml.runs.123.models.direct_state_qml,f1,0.8769716088328076
qml.runs.456.models.mlp_raw,accuracy,1.0
qml.runs.456.models.mlp_raw,balanced_accuracy,1.0
qml.runs.456.models.mlp_raw,precision,1.0
qml.runs.456.models.mlp_raw,recall,1.0
qml.runs.456.models.mlp_raw,f1,1.0
qml.runs.456.models.mlp_l2_normalized,accuracy,0.84
qml.runs.456.models.mlp_l2_normalized,balanced_accuracy,0.7875
qml.runs.456.models.mlp_l2_normalized,precision,0.9210526315789473
qml.runs.456.models.mlp_l2_normalized,recall,0.875
qml.runs.456.models.mlp_l2_normalized,f1,0.8974358974358975
qml.runs.456.models.mlp_l2_plus_norm,accuracy,1.0
qml.runs.456.models.mlp_l2_plus_norm,balanced_accuracy,1.0
qml.runs.456.models.mlp_l2_plus_norm,precision,1.0
qml.runs.456.models.mlp_l2_plus_norm,recall,1.0
qml.runs.456.models.mlp_l2_plus_norm,f1,1.0
qml.runs.456.models.amplitude_qml,accuracy,0.8
qml.runs.456.models.amplitude_qml,balanced_accuracy,0.696875
qml.runs.456.models.amplitude_qml,precision,0.879746835443038
qml.runs.456.models.amplitude_qml,recall,0.86875
qml.runs.456.models.amplitude_qml,f1,0.8742138364779874
qml.runs.456.models.direct_state_qml,accuracy,0.79
qml.runs.456.models.direct_state_qml,balanced_accuracy,0.6625
qml.runs.456.models.direct_state_qml,precision,0.8641975308641975
qml.runs.456.models.direct_state_qml,recall,0.875
qml.runs.456.models.direct_state_qml,f1,0.8695652173913043
qml.aggregate.mlp_raw,accuracy_mean,1.0
qml.aggregate.mlp_raw,accuracy_std,0.0
qml.aggregate.mlp_raw,balanced_accuracy_mean,1.0
qml.aggregate.mlp_raw,balanced_accuracy_std,0.0
qml.aggregate.mlp_raw,precision_mean,1.0
qml.aggregate.mlp_raw,precision_std,0.0
qml.aggregate.mlp_raw,recall_mean,1.0
qml.aggregate.mlp_raw,recall_std,0.0
qml.aggregate.mlp_raw,f1_mean,1.0
qml.aggregate.mlp_raw,f1_std,0.0
qml.aggregate.mlp_l2_normalized,accuracy_mean,0.8366666666666666
qml.aggregate.mlp_l2_normalized,accuracy_std,0.010408329997330674
qml.aggregate.mlp_l2_normalized,balanced_accuracy_mean,0.8166666666666668
qml.aggregate.mlp_l2_normalized,balanced_accuracy_std,0.028182810955143103
qml.aggregate.mlp_l2_normalized,precision_mean,0.9409303682486639
qml.aggregate.mlp_l2_normalized,precision_std,0.021038097087753106
qml.aggregate.mlp_l2_normalized,recall_mean,0.85
qml.aggregate.mlp_l2_normalized,recall_std,0.03307189138830739
qml.aggregate.mlp_l2_normalized,f1_mean,0.8926048769807395
qml.aggregate.mlp_l2_normalized,f1_std,0.009774130903753073
qml.aggregate.mlp_l2_plus_norm,accuracy_mean,1.0
qml.aggregate.mlp_l2_plus_norm,accuracy_std,0.0
qml.aggregate.mlp_l2_plus_norm,balanced_accuracy_mean,1.0
qml.aggregate.mlp_l2_plus_norm,balanced_accuracy_std,0.0
qml.aggregate.mlp_l2_plus_norm,precision_mean,1.0
qml.aggregate.mlp_l2_plus_norm,precision_std,0.0
qml.aggregate.mlp_l2_plus_norm,recall_mean,1.0
qml.aggregate.mlp_l2_plus_norm,recall_std,0.0
qml.aggregate.mlp_l2_plus_norm,f1_mean,1.0
qml.aggregate.mlp_l2_plus_norm,f1_std,0.0
qml.aggregate.amplitude_qml,accuracy_mean,0.8133333333333335
qml.aggregate.amplitude_qml,accuracy_std,0.023094010767584987
qml.aggregate.amplitude_qml,balanced_accuracy_mean,0.7395833333333334
qml.aggregate.amplitude_qml,balanced_accuracy_std,0.051570390810360675
qml.aggregate.amplitude_qml,precision_mean,0.9003834480716559
qml.aggregate.amplitude_qml,precision_std,0.023964155727215306
qml.aggregate.amplitude_qml,recall_mean,0.8624999999999999
qml.aggregate.amplitude_qml,recall_std,0.01082531754730551
qml.aggregate.amplitude_qml,f1_mean,0.8809276339404155
qml.aggregate.amplitude_qml,f1_std,0.013776717173960144
qml.aggregate.direct_state_qml,accuracy_mean,0.8066666666666666
qml.aggregate.direct_state_qml,accuracy_std,0.017559422921421187
qml.aggregate.direct_state_qml,balanced_accuracy_mean,0.7041666666666667
qml.aggregate.direct_state_qml,balanced_accuracy_std,0.03932205435036849
qml.aggregate.direct_state_qml,precision_mean,0.8825456737700191
qml.aggregate.direct_state_qml,precision_std,0.01711900576006797
qml.aggregate.direct_state_qml,recall_mean,0.875
qml.aggregate.direct_state_qml,recall_std,0.006249999999999978
qml.aggregate.direct_state_qml,f1_mean,0.8787089105289626
qml.aggregate.direct_state_qml,f1_std,0.010124756539112363
